PDB,M1 radial tilt,M1 tangential tilt,M2 radial tilt,M2 tangential tilt,M3 radial tilt,M3 tangential tilt,ECD TMD twist,Subunit TMD interface contact area,M1/M3 M2 interface contact area,Class
4PIR,7.88,-0.8,5.55,4.19,12.11,-6.05,11.05,582.0354004,835.1019287,0
,8.55,-1.16,5.28,3.4,12.14,-6.43,12.48,638.0460205,822.6669922,0
,8.77,-1.02,5.88,3.53,12.71,-6.77,12.77,626.6604004,833.6136475,0
,9.03,-0.39,6.51,3.71,13.13,-6.63,11.14,634.559082,847.1702881,0
,8.21,-0.47,5.82,4.05,12.66,-5.78,10.15,626.9246826,846.4333496,0
6BE1,8.01,-3.25,5.16,2.52,13.22,-10.97,10.63,635.2216797,619.3170166,0
,6.75,-2.39,5.36,3.06,13.05,-10.45,10.37,626.949707,743.4399414,0
,7.75,-2.47,4.91,4.37,13.78,-10.26,10.34,714.5905762,582.6090088,0
,7.61,-2.19,5.32,4.13,13.44,-10.83,10.77,695.0795898,696.9376221,0
,7.58,-2.31,4.61,4.84,13.57,-10.96,10.29,609.5002441,655.5825195,0
6HIS,7.29,-1.6,5.39,4.12,12.51,-8.83,9.75,711.4921875,824.6497803,0
,7.26,-1.61,5.34,4.12,12.47,-8.82,9.79,730.215332,820.6815186,0
,7.29,-1.65,5.37,4.06,12.46,-8.88,9.89,724.4453125,829.4371338,0
,7.27,-1.57,5.37,4.15,12.5,-8.8,9.7,699.2618408,821.8291016,0
,7.28,-1.68,5.35,4.04,12.44,-8.9,9.96,754.2006836,809.2415771,0
2BG9,7.8,-11.09,9.14,0.78,11.89,-13.09,14,788.5026855,597.579834,0
,5.92,-8.76,7.1,0.11,10.65,-12.86,15.5,497.2565918,572.1655273,0
,5.99,-11.84,5.08,1.47,12.58,-16.19,13.85,645.0585938,645.9101563,0
,6.19,-8.71,9.91,2.87,15.54,-9.32,16.06,520.657959,650.09729,0
,7,-7.96,7.57,0.49,15.36,-11.4,14.48,543.3493652,509.0775146,0
3JAD,3.52,-14.2,1.63,-1.84,0.34,-14.82,20.46,704.2341309,635.2892456,0
,3.44,-14.22,1.69,-1.83,0.35,-14.79,20.36,692.6130371,628.5169067,0
,3.57,-14.18,1.62,-1.83,0.29,-14.81,20.4,682.3138428,641.0223389,0
,3.47,-14.23,1.65,-1.85,0.36,-14.83,20.46,724.9316406,632.4655762,0
,3.49,-14.18,1.65,-1.82,0.3,-14.78,20.3,660.4104004,624.6842041,0
6UBS,6.14,-13.75,0.2,-1.31,0.94,-16.7,23.92,846.1383057,625.8428955,0
,6.2,-13.82,0.25,-1.39,0.96,-16.75,24.05,895.7685547,625.5291748,0
,6.02,-13.8,0.24,-1.3,0.85,-16.69,23.99,899.4075928,614.4775391,0
,6.04,-13.75,0.19,-1.27,0.84,-16.68,23.98,908.1374512,635.1070557,0
,6.19,-13.69,0.11,-1.28,0.94,-16.71,23.92,911.513916,635.225708,0
6HUK,10.06,-14.85,5.39,-6.26,7.96,-18.51,34.66,877.4897461,831.9769287,0
,2.46,-8.6,0.75,2.12,4.59,-9.26,19.53,1128.27417,847.782959,0
,13.54,-8.61,6.02,-2.98,8.83,-16.59,7.63,521.0778809,846.7075195,0
,6.18,-14.81,2.42,-3.61,0.79,-15.26,9.16,733.7307129,855.3586426,0
,5.43,-2.48,9.51,1.65,9.17,-13.91,31.23,1139.243408,854.2111816,0
7KOO,9.54,-12.9,5.02,-1.72,9.78,-12.73,17.79,883.3040771,864.4755859,0
,9.82,-12.73,5.31,-1.68,10.06,-12.79,17.37,869.4484863,859.8712158,0
,9.58,-12.82,5.24,-1.67,9.97,-12.75,17.15,875.3491211,873.71875,0
,9.62,-12.86,5.34,-1.79,9.94,-12.93,17.62,855.9885254,843.5002441,0
,9.62,-12.98,5.2,-1.9,9.78,-13.01,18.22,856.0695801,858.6318359,0
6DG8,4.7,-11.72,0.09,-5.09,7,-15.3,10.08,546.5571289,613.0528564,1
,4.8,-11.38,0.07,-4.79,7.22,-15.09,9.32,543.9904785,621.4217529,1
,4.32,-11.67,0.43,-4.93,6.77,-15.01,9.63,530.7167969,614.5661621,1
,4.42,-11.73,0.36,-5.01,6.68,-15.21,10.07,491.4243164,609.0870361,1
,4.4,-11.83,0.39,-5.12,6.79,-15.09,10,524.6242676,613.1107178,1
6HIN,7.47,-14.07,5.01,1.03,7.23,-18.76,17.61,788.0866699,661.4038086,1
,7.5,-13.97,4.99,1.17,7.36,-18.65,17.33,815.6462402,669.1580811,1
,7.45,-14.05,4.98,1.1,7.29,-18.7,17.49,820.2553711,662.4642334,1
,7.59,-14.02,5.06,1.05,7.35,-18.77,17.55,788.3657227,667.6560059,1
,7.49,-13.98,5,1.17,7.37,-18.64,17.3,840.78125,661.494751,1
6Y5A,0.83,-15.33,4.1,-2.08,15.9,-14.87,4.17,643.184082,876.2999268,1
,2.62,-17.83,7.52,-3.83,3.53,-18.45,11.79,176.9285889,857.2961426,1
,1.59,-15.07,5.44,-1.72,16.74,-13.14,3.05,678.2623291,834.5788574,1
,2.32,-17.63,8.42,-5.69,5.89,-17.88,12.11,162.5942383,982.0213623,1
,0.54,-15.5,5.65,-3.86,6.01,-19.21,9.6,316.0163574,852.7877197,1
7KOX,6.77,-23.94,4.15,-0.71,6.71,-24.89,20.52,592.3032227,894.4838867,1
,6.67,-23.94,4.17,-0.71,6.64,-24.91,20.35,604.6430664,911.1560059,1
,6.7,-23.86,4.24,-0.65,6.72,-24.88,20.09,594.3928223,898.4345703,1
,6.72,-23.91,4.22,-0.71,6.69,-24.92,20.32,583.1381836,898.4742432,1
,6.76,-23.98,4.21,-0.79,6.65,-24.99,20.68,585.3708496,910.0710449,1
6UD3,9.25,-5.93,5.81,1.61,6.79,-14.45,14.38,575.5488281,789.6141968,1
,9.15,-5.99,5.93,1.55,6.69,-14.45,14.21,557.2324219,790.7181396,1
,9.13,-6.16,5.89,1.34,6.44,-14.62,14.62,604.7678223,789.5126953,1
,9.32,-5.87,6.08,1.5,6.74,-14.54,14.24,603.7022705,796.3929443,1
,9.3,-5.78,6.07,1.61,6.84,-14.43,14.03,565.7944336,781.666748,1
3JAE,5.19,-5.49,2.69,7.41,8.08,-10.36,9.78,184.4016113,531.3944092,1
,5.19,-5.55,2.76,7.36,8.04,-10.44,9.92,179.7563477,554.8310547,1
,5.18,-5.55,2.73,7.36,8.03,-10.43,9.92,194.8195801,546.930542,1
,5.19,-5.54,2.75,7.36,8.03,-10.44,9.92,181.4899902,530.5987549,1
,5.17,-5.54,2.73,7.38,8.02,-10.41,9.87,176.5217285,549.8255615,1